Cites,Authors,Title,Year,Source,Publisher,ArticleURL,CitesURL,GSRank,QueryDate,Type,DOI,ISSN,CitationURL,Volume,Issue,StartPage,EndPage,ECC,CitesPerYear,CitesPerAuthor,AuthorCount,Age,Abstract,FullTextURL,RelatedURL
0,"S Prasad, A Abraham","Efficient title text detection using multi-loss: S. Prasad, A. Abraham",2025,"International Journal on Document Analysis and …","Springer","https://link.springer.com/article/10.1007/s10032-024-00500-y","",41,"2025-12-30 10:15:01","HTML","10.1007/s10032-024-00500-y","","",,,,,0,0.00,0,2,1,"Abstract YouTube's “Video Chapter” feature segments videos into different sections, marked by timestamps on the slider, enhancing user navigation. Given the vast volume of video …","https://link.springer.com/article/10.1007/s10032-024-00500-y","https://scholar.google.com/scholar?q=related:Gcc4lbPDSjAJ:scholar.google.com/&scioq=author:%22shitala+prasad%22&hl=en&as_sdt=2007"
0,"S Prasad, R Paul, M Kamat","SequenceOut: Boosting CNNs by Freezing Layers",2025,"IEEE Signal Processing Letters","ieeexplore.ieee.org","https://ieeexplore.ieee.org/abstract/document/10935680/","",56,"2025-12-30 10:15:01","","","","",,,,,0,0.00,0,3,1,"Convolutional neural networks (CNNs) are a powerful tool for various computer vision tasks, demonstrating exceptional performance in image classification, object detection, and …","https://ieeexplore.ieee.org/iel8/97/4358004/10935680.pdf","https://scholar.google.com/scholar?q=related:exMoN9-VSp4J:scholar.google.com/&scioq=author:%22shitala+prasad%22&hl=en&as_sdt=2007"
0,"A Abraham, S Prasad, M Kashyap Pargi, ...","Computer Vision in Smart Parking Solution Systems: Enhancing Urban Mobility",2025,"Internet of Vehicles and …","Springer","https://link.springer.com/chapter/10.1007/978-3-031-72959-1_10","",80,"2025-12-30 10:15:01","","10.1007/978-3-031-72959-1_10","","",,,,,0,0.00,0,4,1,"Smart parking solutions are transforming urban mobility by utilizing technology to tackle the challenges of parking in crowded cities. These solutions incorporate sensors, data analytics …","","https://scholar.google.com/scholar?q=related:9l1QGGZ5UJwJ:scholar.google.com/&scioq=author:%22shitala+prasad%22&hl=en&as_sdt=2007"
0,"V Gautam, S Prasad","YOLOv9++: An Improved YOLOv9 Detector for Plant Biometrics Using Pseudo-labels",2024,"International Conference on Computer Vision and …","Springer","https://link.springer.com/chapter/10.1007/978-3-031-93688-3_13","",81,"2025-12-30 10:15:01","","10.1007/978-3-031-93688-3_13","","",,,,,0,0.00,0,2,1,"Agriculture remains crucial to many economies worldwide, yet plant diseases threaten its productivity and sustainability. Early detection and timely treatment are essential for …","","https://scholar.google.com/scholar?q=related:cRNQiPDxR2wJ:scholar.google.com/&scioq=author:%22shitala+prasad%22&hl=en&as_sdt=2007"
0,"S Chourasia, S Dethe, S Prasad","MDDAMFN: Mixed Dual-Direction Attention Mechanism to Enhance Facial Expression",2024,"International Conference on Computer …","Springer","https://link.springer.com/chapter/10.1007/978-3-031-93703-3_2","",84,"2025-12-30 10:15:01","","10.1007/978-3-031-93703-3_2","","",,,,,0,0.00,0,3,1,"Facial expression recognition (FER) plays an important role in human-computer interaction (HCI). Building on the current state of the art, the Dual-Direction Attention Mixed Feature …","","https://scholar.google.com/scholar?q=related:67yJMEyA4nAJ:scholar.google.com/&scioq=author:%22shitala+prasad%22&hl=en&as_sdt=2007"
0,"V Gautam, S Thakare, S Prasad, CP George","SkyGuard: Semi-supervised Drone Technology for Real-Time Traffic Rule Enforcement",2024,"International Conference on …","Springer","https://link.springer.com/chapter/10.1007/978-3-031-93691-3_10","",85,"2025-12-30 10:15:01","","10.1007/978-3-031-93691-3_10","","",,,,,0,0.00,0,4,1,"In today's transportation landscape, two-wheelers have become the dominant choice despite their inherent risks due to minimal protection. India alone saw an average of 304 …","","https://scholar.google.com/scholar?q=related:ETZiFv5iSlAJ:scholar.google.com/&scioq=author:%22shitala+prasad%22&hl=en&as_sdt=2007"
0,"V Kumar, A Benzinou, K Nasreddine, ...","Semi-Supervised Learning based on Dynamic Distribution Alignment for Class Imbalance",2025,"… Conference on VISUAL …","hal.science","https://hal.science/hal-05318199/","",86,"2025-12-30 10:15:01","","","","",,,,,0,0.00,0,4,1,"Semi-supervised learning (SSL) faces significant challenges when applied to highly imbalanced datasets, often leading to biased pseudo-labels and degraded model …","https://hal.science/hal-05318199v1/file/IEEE_VCIP_2025.pdf","https://scholar.google.com/scholar?q=related:pd7Lkd8zV44J:scholar.google.com/&scioq=author:%22shitala+prasad%22&hl=en&as_sdt=2007"
0,"Sumitra, S Prasad, S Dutta, S AV","Towards Safer Roads: Utilizing Synthetic Data and Neural Networks to Classify Safe Distances in Driving Scenarios",2024,"International Conference on Computer …","Springer","https://link.springer.com/chapter/10.1007/978-3-031-93691-3_15","",87,"2025-12-30 10:15:01","","10.1007/978-3-031-93691-3_15","","",,,,,0,0.00,0,4,1,"This paper introduces an innovative methodology utilizing image analysis with neural networks (NN) to enhance driver awareness and mitigate road safety risks. By employing …","","https://scholar.google.com/scholar?q=related:UGiAO9EEqK8J:scholar.google.com/&scioq=author:%22shitala+prasad%22&hl=en&as_sdt=2007"
0,"A Natekar, V Gautam, P Vijaykumar, S Prasad, ...","HyP-ECA: An Attention for Aerial Tree Crown Delineation and Species Classification",2024,"… on Computer Vision and …","Springer","https://link.springer.com/chapter/10.1007/978-3-031-93691-3_17","",88,"2025-12-30 10:15:01","","10.1007/978-3-031-93691-3_17","","",,,,,0,0.00,0,5,1,"Traditional forest surveys have long relied on labor-intensive on-foot assessments conducted by specialized teams. However, recent advancements in Deep Learning-based …","","https://scholar.google.com/scholar?q=related:LPqG-zXuzqEJ:scholar.google.com/&scioq=author:%22shitala+prasad%22&hl=en&as_sdt=2007"
0,"V Gautam, S Thakare, S Prasad","SkyGuard: Semi-supervised Drone Technology for Real-Time Traffic Rule",2025,"Computer Vision and Image …","books.google.com","https://books.google.com/books?hl=en&lr=&id=7XtyEQAAQBAJ&oi=fnd&pg=PA123&dq=%22shitala+prasad%22&ots=bmVWw-a8NP&sig=KImHpPDjfBDAtj29LAi2zpeqefs","",90,"2025-12-30 10:15:01","","","","",,,,,0,0.00,0,3,1,"In today's transportation landscape, two-wheelers have become the dominant choice despite their inherent risks due to minimal protection. India alone saw an average of 304 …","","https://scholar.google.com/scholar?q=related:TysCfuUlmwAJ:scholar.google.com/&scioq=author:%22shitala+prasad%22&hl=en&as_sdt=2007"
0,"S Prasad, CP George","HyP-ECA: An Attention for Aerial Tree Crown Delineation and Species",2025,"… CVIP 2024, Chennai, India, December 19 …","books.google.com","https://books.google.com/books?hl=en&lr=&id=7XtyEQAAQBAJ&oi=fnd&pg=PA223&dq=%22shitala+prasad%22&ots=bmVWw-a8NR&sig=9bbdSvGYa-ZMsHoo7hq03XPXKlk","",92,"2025-12-30 10:15:01","","","","",,,,,0,0.00,0,2,1,"Traditional forest surveys have long relied on labor-intensive on-foot assessments conducted by specialized teams. However, recent advancements in Deep Learning-based …","","https://scholar.google.com/scholar?q=related:JKvgZHwUZG8J:scholar.google.com/&scioq=author:%22shitala+prasad%22&hl=en&as_sdt=2007"
0,"PP Singh, DN Borah, J Basumatary, J Hazarika, ...","An Empirical Study on Tea Leaf Disease Detection on Utilizing Diverse Leaf Image Features",2024,"… Conference on Soft …","Springer","https://link.springer.com/chapter/10.1007/978-981-96-5958-6_46","",93,"2025-12-30 10:15:01","","10.1007/978-981-96-5958-6_46","","",,,,,0,0.00,0,5,1,"In this study, a machine learning (ML) based method is proposed for the early detection of plant leaf diseases. Tea leaf disease detection plays a crucial role in enhancing agricultural …","","https://scholar.google.com/scholar?q=related:d2HspFRbRLUJ:scholar.google.com/&scioq=author:%22shitala+prasad%22&hl=en&as_sdt=2007"
0,"A Abraham, S Prasad","Challenges and Techniques to Improve Deep Detection and Recognition Methods for Text Spotting",2024,"Deep Learning for Multimedia Processing …","taylorfrancis.com","https://www.taylorfrancis.com/chapters/edit/10.1201/9781032646268-16/challenges-techniques-improve-deep-detection-recognition-methods-text-spotting-anuj-abraham-shitala-prasad","",94,"2025-12-30 10:15:01","","10.1201/9781032646268-16","","",,,,,0,0.00,0,2,1,"The chapter focuses on exploring various challenges and deep learning (DL) techniques used in text detection and recognition. It offers a detailed analysis of different deep models …","","https://scholar.google.com/scholar?q=related:RBuzaNCGMqcJ:scholar.google.com/&scioq=author:%22shitala+prasad%22&hl=en&as_sdt=2007"
0,"C Tang, Q Hang, S Prasad, Y Zhang, ...","Deep Learning-Based Small Sample Body Vein Recognition and Its Implementation",2024,"Available at SSRN …","papers.ssrn.com","https://papers.ssrn.com/sol3/papers.cfm?abstract_id=4643060","",98,"2025-12-30 10:15:01","","","","",,,,,0,0.00,0,5,1,"In scenarios like forensic investigations, only RGB images of body parts, especially limbs, are available from surveillance. Traditional biometric methods like face, fingerprints, and iris …","https://papers.ssrn.com/sol3/Delivery.cfm?abstractid=4643060","https://scholar.google.com/scholar?q=related:rIa2Qm9i6akJ:scholar.google.com/&scioq=author:%22shitala+prasad%22&hl=en&as_sdt=2007"
0,"S Pai, S Mandrekar, S Phadte, A Naik, ...","TranslateKar: An Efficient Transformer Based Konkani Translator",2023,"… Conference on Emerging …","Springer","https://link.springer.com/chapter/10.1007/978-981-97-3090-2_25","",99,"2025-12-30 10:15:01","","10.1007/978-981-97-3090-2_25","","",,,,,0,0.00,0,5,2,"In this research, we introduce a bidirectional Neural Machine Translation (NMT) model that employs the Transformer architecture to facilitate translations between Konkani and English …","","https://scholar.google.com/scholar?q=related:QwNC9CHoKBEJ:scholar.google.com/&scioq=author:%22shitala+prasad%22&hl=en&as_sdt=2007"
0,"S Biswas, R Hazra, S Prasad, ...","A Level Set Model Driven by New Signed Pressure Force Function for Image Segmentation",2021,"… National Conference on …","ieeexplore.ieee.org","https://ieeexplore.ieee.org/abstract/document/9530100/","",101,"2025-12-30 10:15:01","","","","",,,,,0,0.00,0,4,4,"An image segmentation model using histogram-based image fitting (HF) energy is proposed to identify objects with poorly defined boundaries. The proposed energy model considers an …","https://ieeexplore.ieee.org/iel7/9530003/9530009/09530100.pdf","https://scholar.google.com/scholar?q=related:tYsuGOfVuoQJ:scholar.google.com/&scioq=author:%22shitala+prasad%22&hl=en&as_sdt=2007"
0,"P Das, T Bhumarkar, R Tiwari, M Singh, S Prasad","From Kindness to Chaos: An Analysis of Prosocial and Aggressive Driving Behaviors Among Indian Motorists",,"papers.ssrn.com","","https://papers.ssrn.com/sol3/papers.cfm?abstract_id=4403299","",102,"2025-12-30 10:15:01","","","","",,,,,0,0.00,0,5,,"The study explore how personality traits influence driving behavior in Indian drivers, specifically focusing on the relationship between personality traits and safe and unsafe …","https://papers.ssrn.com/sol3/Delivery.cfm?abstractid=4403299","https://scholar.google.com/scholar?q=related:XKut2dZD7FUJ:scholar.google.com/&scioq=author:%22shitala+prasad%22&hl=en&as_sdt=2007"
0,"Y Zhong¹, T Chail, S Prasad, ...","Different Dimension Issues in Deep",2021,"Biometric Recognition: 15th …","books.google.com","https://books.google.com/books?hl=en&lr=&id=nGNCEAAAQBAJ&oi=fnd&pg=PA295&dq=%22shitala+prasad%22&ots=VIhxOPKEed&sig=Udazg69bCqhLY-KBGL9fhmFnIC4","",103,"2025-12-30 10:15:01","","","","",,,,,0,0.00,0,4,4,"Hand-crafted approaches were the dominating solutions and recently, more convolutional neural network (CNN)-based methods have been proposed for finger-vein recognition …","","https://scholar.google.com/scholar?q=related:WK7be4usUPkJ:scholar.google.com/&scioq=author:%22shitala+prasad%22&hl=en&as_sdt=2007"
0,"T Ramesh, HJ Siegel, B Khemka, R Friese, S Pasricha, ...","2014 Seventh International Conference on Contemporary Computing (IC3) 7-9 August, Noida, India",,"computer.org","","https://www.computer.org/csdl/proceedings-article/ic3/2014/06897137/12OmNvFHfG8","",104,"2025-12-30 10:15:01","","","","",,,,,0,0.00,0,6,,"Table of contents Toggle navigation IEEE Computer Society Digital Library Jobs Tech News Resource Center Press Room Advertising About Us IEEE IEEE Computer Society IEEE …","https://ieeexplore.ieee.org/iel7/6892117/6897132/06897137.pdf","https://scholar.google.com/scholar?q=related:jPUc9eilIHkJ:scholar.google.com/&scioq=author:%22shitala+prasad%22&hl=en&as_sdt=2007"
0,"…, WB Wang Biao, SP Shitala Prasad","A cross-border detection algorithm for agricultural spraying UAV.",2019,"","cabidigitallibrary.org","https://www.cabidigitallibrary.org/doi/full/10.5555/20193325425","",105,"2025-12-30 10:15:01","","10.5555/20193325425","","",,,,,0,0.00,0,3,6,"In the agriculture sector, an essential task of spraying unscrewed aerial vehicles (UAVs) is to return as soon as the farmland border is reached. Initially, they need to be manually …","","https://scholar.google.com/scholar?q=related:DUTbeO6g1kEJ:scholar.google.com/&scioq=author:%22shitala+prasad%22&hl=en&as_sdt=2007"
0,"KS Kumar, S Prasad, VB Semwal, RC Tripathi","Face Recognition Using AdaBoost Improved Fast PCA Algorithm",,"","","","",107,"2025-12-30 10:15:01","CITATION","","","",,,,,0,0.00,0,4,,"","","https://scholar.google.com/scholar?q=related:8D3v9HAjxJAJ:scholar.google.com/&scioq=author:%22shitala+prasad%22&hl=en&as_sdt=2007"
0,"V Hernández-López, ND Duque-Méndez, ...","11 Assessment of musical representations using",2021,"IEEE …","ieeexplore.ieee.org","https://ieeexplore.ieee.org/abstract/document/9611185/","",113,"2025-12-30 10:15:01","CITATION","","","",,,,,0,0.00,0,3,4,"Table of Contents Page 1 IEEE POTENTIALS November/December 2021 ■ 1 November/December 2021 Vol. 40 No. 6 MISSION STATEMENT: IEEE Potentials is the magazine dedicated to …","","https://scholar.google.com/scholar?q=related:14dnAKYvZwUJ:scholar.google.com/&scioq=author:%22shitala+prasad%22&hl=en&as_sdt=2007"
0,"SP Singh","Food Economy of the Early Farming Culture of Baghelkhand",2019,"","sanskritarticle.com","https://sanskritarticle.com/wp-content/uploads/46-25-Prof.Shitala.Prasad.pdf","",115,"2025-12-30 10:15:01","PDF","","","",,,,,0,0.00,0,1,6,"Baghelkhand region occupies an important place in the prehistory of the Country. The region is drained by the rivers such as Tons, Belan, Adwa and the Son, Climate of the region …","https://sanskritarticle.com/wp-content/uploads/46-25-Prof.Shitala.Prasad.pdf","https://scholar.google.com/scholar?q=related:_zKKb0B0U3wJ:scholar.google.com/&scioq=author:%22shitala+prasad%22&hl=en&as_sdt=2007"
0,"SP Singh","Mesolithic culture of Northern Vindhyas",2023,"","sanskritarticle.com","https://sanskritarticle.com/wp-content/uploads/40-51-Dr.Sheetala.Prasad.pdf","",116,"2025-12-30 10:15:01","PDF","","","",,,,,0,0.00,0,1,2,"Northern Vindhyan Plateau, Covering Parts or whole of the districts of Banda, Prayagraj, Mirzapur and Varanasi in Uttar Pradesh, Rewa, Satna and Sidhi in Madhya Pradesh …","https://sanskritarticle.com/wp-content/uploads/40-51-Dr.Sheetala.Prasad.pdf","https://scholar.google.com/scholar?q=related:ItBqtGbiJYEJ:scholar.google.com/&scioq=author:%22shitala+prasad%22&hl=en&as_sdt=2007"
0,"SP Tewari, KV Ramesh","Cultural heritage of personal-names and Sanskrit literature",1982,"(No Title)","cir.nii.ac.jp","https://cir.nii.ac.jp/crid/1130282269519680000","",119,"2025-12-30 10:15:01","CITATION","","","",,,,,0,0.00,0,2,43,"Cultural heritage of personal-names and Sanskrit literature | CiNii Research CiNii 国立情報学 研究所 学術情報ナビゲータ[サイニィ] 詳細へ移動 検索フォームへ移動 論文・データをさがす 大学 …","","https://scholar.google.com/scholar?q=related:SsGzKR-7X_EJ:scholar.google.com/&scioq=author:%22shitala+prasad%22&hl=en&as_sdt=2007"
0,"SP Singh","Temple Architecture in the Vindhyan Region",2015,"Ancient Indian religious architecture beyond the …","ixtheo.de","https://ixtheo.de/Record/1746676418","",123,"2025-12-30 10:15:01","CITATION","","","",,,,,0,0.00,0,1,10,"Description: Temple Architecture in the Vindhyan Region :: IxTheo Skip to content IxTheo Home About About us Privacy statement IxTheo AZ Login Language English Deutsch Español …","","https://scholar.google.com/scholar?q=related:_krcoIKjQfoJ:scholar.google.com/&scioq=author:%22shitala+prasad%22&hl=en&as_sdt=2007"
1,"A Abraham, Y Zhang, S Prasad","Smart City-Wide Intelligent Emergency Response System: An Evacuation Management Framework Utilizing Next-Gen Communications and IoT",2024,"2024 IEEE 21st India Council …","ieeexplore.ieee.org","https://ieeexplore.ieee.org/abstract/document/10958317/","https://scholar.google.com/scholar?cites=14411385001312961870&as_sdt=2005&sciodt=2007&hl=en",48,"2025-12-30 10:15:01","","","","",,,,,1,1.00,0,3,1,"A smart city solution toward future 6G network deployment allows small and medium-sized enterprises (SMEs), industry, and government entities to connect with the infrastructures and …","https://ieeexplore.ieee.org/iel8/10958211/10958213/10958317.pdf","https://scholar.google.com/scholar?q=related:TsWmzE2G_8cJ:scholar.google.com/&scioq=author:%22shitala+prasad%22&hl=en&as_sdt=2007"
1,"K Cheng, S Prasad, T Chai, W Xue, ...","Local Curvature Optimization for Self-Supervised Image Restoration",2024,"IEEE Signal Processing …","ieeexplore.ieee.org","https://ieeexplore.ieee.org/abstract/document/10510560/","https://scholar.google.com/scholar?cites=7573991685212569886&as_sdt=2005&sciodt=2007&hl=en",66,"2025-12-30 10:15:01","","","","",,,,,1,1.00,0,5,1,"This letter introduces an innovative approach for image restoration. Our model is primarily motivated by the integration of curvature constraints into a self-supervised convolutional …","https://ieeexplore.ieee.org/iel7/97/4358004/10510560.pdf","https://scholar.google.com/scholar?q=related:HoHbGE85HGkJ:scholar.google.com/&scioq=author:%22shitala+prasad%22&hl=en&as_sdt=2007"
1,"S Prasad, D Lin, Y Li, D Sheng, ...","Rethinking of deep models parameters with respect to data distribution",2021,"2020 25th International …","ieeexplore.ieee.org","https://ieeexplore.ieee.org/abstract/document/9413003/","https://scholar.google.com/scholar?cites=11412491803394892071&as_sdt=2005&sciodt=2007&hl=en",91,"2025-12-30 10:15:01","","","","",,,,,1,0.25,0,5,4,"The performance of deep learning models are driven by various parameters but to tune all of them every time, for every given dataset, is a heuristic practice. In this paper, unlike the …","https://ieeexplore.ieee.org/iel7/9411940/9411911/09413003.pdf","https://scholar.google.com/scholar?q=related:J-FoR9RQYZ4J:scholar.google.com/&scioq=author:%22shitala+prasad%22&hl=en&as_sdt=2007"
1,"S Prasad, SK Peddoju, D Ghosh","Efficient plant leaf representations: a comparative study",2017,"TENCON 2017-2017 IEEE …","ieeexplore.ieee.org","https://ieeexplore.ieee.org/abstract/document/8228035/","https://scholar.google.com/scholar?cites=10917052306091240561&as_sdt=2005&sciodt=2007&hl=en",95,"2025-12-30 10:15:01","","","","",,,,,1,0.13,0,3,8,"This paper studies various different ways of representing plant leaves in different feature space to recognize them accurately and efficiently in changing scenario and dimension …","https://ieeexplore.ieee.org/iel7/8169968/8227816/08228035.pdf","https://scholar.google.com/scholar?q=related:cWztOjspgZcJ:scholar.google.com/&scioq=author:%22shitala+prasad%22&hl=en&as_sdt=2007"
1,"PP Singh, S Prasad, G Kalita, J Das, ...","Light Weighted YOLO Vehicle Tracker for Toll Gate Using Centroid Algorithm",2023,"… Conference on Emerging …","Springer","https://link.springer.com/chapter/10.1007/978-981-97-3090-2_16","https://scholar.google.com/scholar?cites=3876338264660326517&as_sdt=2005&sciodt=2007&hl=en",97,"2025-12-30 10:15:01","","10.1007/978-981-97-3090-2_16","","",,,,,1,0.50,0,5,2,"This paper focuses on vehicle detection at highway toll gates. The study involves the detection of vehicles within a custom dataset, which comprises four vehicle classes: car …","","https://scholar.google.com/scholar?q=related:dThVLh2FyzUJ:scholar.google.com/&scioq=author:%22shitala+prasad%22&hl=en&as_sdt=2007"
1,"S Prasad, PP Singh, P Kumar","Momentum Residual Embedding with Angular Marginal Loss for Plant Pathogen Biometrics",2022,"International Conference on Pattern …","Springer","https://link.springer.com/chapter/10.1007/978-3-031-09282-4_11","https://scholar.google.com/scholar?cites=12705323931248154456&as_sdt=2005&sciodt=2007&hl=en",100,"2025-12-30 10:15:01","","10.1007/978-3-031-09282-4_11","","",,,,,1,0.33,0,3,3,"Plant diseases are a considerable threat in the agriculture sector and therefore, early detection and diagnosis of these diseases are very essential. In this paper, we have …","","https://scholar.google.com/scholar?q=related:WNdQvsxgUrAJ:scholar.google.com/&scioq=author:%22shitala+prasad%22&hl=en&as_sdt=2007"
1,"A Mehta, S Prasad, KP Sateesh","Improved Connected Region Based Approach for Extraction of Principal Lines from Palm Images",2013,"Proceedings of Elsevier International Conference of …","","","https://scholar.google.com/scholar?cites=3450435461414091206&as_sdt=2005&sciodt=2007&hl=en",106,"2025-12-30 10:15:01","CITATION","","","",,,,,1,0.08,0,3,12,"","","https://scholar.google.com/scholar?q=related:xnn_XcVo4i8J:scholar.google.com/&scioq=author:%22shitala+prasad%22&hl=en&as_sdt=2007"
1,"SP Mishra","Examiner influence in the individual testing situation.",1970,"","elibrary.ru","https://elibrary.ru/item.asp?id=6962399","https://scholar.google.com/scholar?cites=9170358286923168886&as_sdt=2005&sciodt=2007&hl=en",125,"2025-12-30 10:15:01","CITATION","","","",,,,,1,0.02,1,1,55,"","","https://scholar.google.com/scholar?q=related:dnwde0aoQ38J:scholar.google.com/&scioq=author:%22shitala+prasad%22&hl=en&as_sdt=2007"
2,"V Gautam, S Prasad, S Sinha","YOLORe-IDNet: An Efficient Multi-camera System for Person-Tracking",2023,"… on Computer Vision and Image Processing","Springer","https://link.springer.com/chapter/10.1007/978-3-031-58181-6_16","https://scholar.google.com/scholar?cites=4372449729016688746&as_sdt=2005&sciodt=2007&hl=en",61,"2025-12-30 10:15:01","","10.1007/978-3-031-58181-6_16","","",,,,,2,1.00,1,3,2,"The growing need for video surveillance in public spaces has created a demand for systems that can track individuals across multiple camera feeds in real-time. While existing tracking …","https://arxiv.org/pdf/2309.13387","https://scholar.google.com/scholar?q=related:avBKwNwPrjwJ:scholar.google.com/&scioq=author:%22shitala+prasad%22&hl=en&as_sdt=2007"
2,"A Abraham, CB Math, S Prasad, M Sharma","Real-time traffic accident detection for an intelligent mobility in smart cities",2023,"Internet of Everything for …","Springer","https://link.springer.com/chapter/10.1007/978-3-031-34601-9_9","https://scholar.google.com/scholar?cites=13318075160492856055&as_sdt=2005&sciodt=2007&hl=en",65,"2025-12-30 10:15:01","","10.1007/978-3-031-34601-9_9","","",,,,,2,1.00,1,4,2,"Traffic accidents are a major cause of death around the world. Traffic accidents lead to traffic congestion and occur frequently in urban scenarios. In this, traffic accidents are one of the …","https://cathi.uacj.mx/bitstream/handle/20.500.11961/26604/Book%20Internet%20of%20Everything%20for%20Smart%20City%20and%20Smart%20Healthcare%20Applications.pdf?sequence=1&isAllowed=y#page=157","https://scholar.google.com/scholar?q=related:91Ih2ctO07gJ:scholar.google.com/&scioq=author:%22shitala+prasad%22&hl=en&as_sdt=2007"
2,"X Xu, S Prasad, K Cheng, AW Kin Kong","Using double attention for text tattoo localisation",2022,"IET Biometrics","Wiley Online Library","https://ietresearch.onlinelibrary.wiley.com/doi/abs/10.1049/bme2.12071","https://scholar.google.com/scholar?cites=13929135964453472569&as_sdt=2005&sciodt=2007&hl=en",70,"2025-12-30 10:15:01","","10.1049/bme2.12071","","",,,,,2,0.67,1,4,3,"Text tattoos contain rich information about an individual for forensic investigation. To extract this information, text tattoo localisation is the first and essential step. Previous tattoo studies …","https://ietresearch.onlinelibrary.wiley.com/doi/pdfdirect/10.1049/bme2.12071","https://scholar.google.com/scholar?q=related:OQleJVw7TsEJ:scholar.google.com/&scioq=author:%22shitala+prasad%22&hl=en&as_sdt=2007"
2,"PP Singh, P Ramchiary, JI Bora, R Bhuyan, ...","An ensemble approach for moving vehicle detection and tracking by using Ni vision module",2022,"… on Computer Vision and …","Springer","https://link.springer.com/chapter/10.1007/978-3-031-31417-9_54","https://scholar.google.com/scholar?cites=8604269701436447038&as_sdt=2005&sciodt=2007&hl=en",73,"2025-12-30 10:15:01","","10.1007/978-3-031-31417-9_54","","",,,,,2,0.67,0,5,3,"In the recent years, surveillance systems and video monitoring have been largely used for the management of traffic. Acquired images and video clips from the road traffic can be …","","https://scholar.google.com/scholar?q=related:PpnGwbSBaHcJ:scholar.google.com/&scioq=author:%22shitala+prasad%22&hl=en&as_sdt=2007"
2,"S Prasad, C Tang, Y Zhang, B Wang","FAV-Net: A Simple Single-Shot Self-attention Based ForeArm-Vein Biometric",2022,"International Conference on …","Springer","https://link.springer.com/chapter/10.1007/978-3-031-31417-9_34","https://scholar.google.com/scholar?cites=12691619458001535562&as_sdt=2005&sciodt=2007&hl=en",76,"2025-12-30 10:15:01","","10.1007/978-3-031-31417-9_34","","",,,,,2,0.67,1,4,3,"One of the most challenging tasks in deep feature representation is the amount of data required for training. The fields like forearm-vein biometric, data collection is too difficult plus …","","https://scholar.google.com/scholar?q=related:SgKeaqewIbAJ:scholar.google.com/&scioq=author:%22shitala+prasad%22&hl=en&as_sdt=2007"
2,"V Gautam, S Sinha, S Prasad","VATML: Towards On Device Ventricular Arrhythmia Detection Using TinyML",2024,"2024 IEEE International …","ieeexplore.ieee.org","https://ieeexplore.ieee.org/abstract/document/10884119/","https://scholar.google.com/scholar?cites=13481233030044355164&as_sdt=2005&sciodt=2007&hl=en",77,"2025-12-30 10:15:01","","","","",,,,,2,2.00,1,3,1,"Cardiac arrhythmias pose a significant health risk, underscoring the critical need for precise detection. This paper introduces “VATML: Ventricular Arrhythmia Detection using TinyML” …","https://ieeexplore.ieee.org/iel8/10883943/10884076/10884119.pdf","https://scholar.google.com/scholar?q=related:XIoOogP2FrsJ:scholar.google.com/&scioq=author:%22shitala+prasad%22&hl=en&as_sdt=2007"
2,"V Gautam, S Prasad, S Sinha","Joint-YODNet: A Light-Weight Object Detector for UAVs to Achieve Above 100fps",2023,"… on Computer Vision and Image Processing","Springer","https://link.springer.com/chapter/10.1007/978-3-031-58174-8_47","https://scholar.google.com/scholar?cites=9744395221382832350&as_sdt=2005&sciodt=2007&hl=en",82,"2025-12-30 10:15:01","","10.1007/978-3-031-58174-8_47","","",,,,,2,1.00,1,3,2,"Small object detection via UAV (Unmanned Aerial Vehicle) images captured from drones and radar is a complex task. This domain encompasses numerous complexities, including …","https://arxiv.org/pdf/2309.15782","https://scholar.google.com/scholar?q=related:3qCJadMLO4cJ:scholar.google.com/&scioq=author:%22shitala+prasad%22&hl=en&as_sdt=2007"
2,"S Prasad, SK Peddoju, D Ghosh","Mask Region Grow segmentation algorithm for low-computing devices",2016,"2016 Twenty Second …","ieeexplore.ieee.org","https://ieeexplore.ieee.org/abstract/document/7561200/","https://scholar.google.com/scholar?cites=8266063545464471219&as_sdt=2005&sciodt=2007&hl=en",83,"2025-12-30 10:15:01","","","","",,,,,2,0.22,1,3,9,"In this paper, we present an efficient and accurate mobile-based mask region grow (MRG) algorithm for natural scene segmentation. The algorithm is divided into three modules: first …","","https://scholar.google.com/scholar?q=related:sz43xv_0tnIJ:scholar.google.com/&scioq=author:%22shitala+prasad%22&hl=en&as_sdt=2007"
2,"PP Singh, S Prasad","A Hybrid Adaptive Image Retrieval Approach by Using Clustering and Neural Network Techniques",2022,"International Conference on Frontiers of Intelligent …","Springer","https://link.springer.com/chapter/10.1007/978-981-19-7524-0_35","https://scholar.google.com/scholar?cites=9096733673370413441&as_sdt=2005&sciodt=2007&hl=en",89,"2025-12-30 10:15:01","","10.1007/978-981-19-7524-0_35","","",,,,,2,0.67,1,2,3,"In the current era, an accurate image retrieval system is required to resolve the problem of enormous image information in applications. Importance of image content is quite relevant in …","","https://scholar.google.com/scholar?q=related:gemTURQXPn4J:scholar.google.com/&scioq=author:%22shitala+prasad%22&hl=en&as_sdt=2007"
2,"S Gupta, S Prasad","Human-Signature Psychology Relation: A Time-Series Analysis",2014,"Proceedings of the 2014 International Conference …","dl.acm.org","https://dl.acm.org/doi/abs/10.1145/2677855.2677857","https://scholar.google.com/scholar?cites=8424966652290073501&as_sdt=2005&sciodt=2007&hl=en",96,"2025-12-30 10:15:01","","10.1145/2677855.2677857","","",,,,,2,0.18,1,2,11,"In this paper, a novel approach is proposed to analyze human signature in time series to predict the author's psychology in what he/she has made his/her signature as the crime rates …","https://dl.acm.org/doi/pdf/10.1145/2677855.2677857","https://scholar.google.com/scholar?q=related:nQNDaoh-63QJ:scholar.google.com/&scioq=author:%22shitala+prasad%22&hl=en&as_sdt=2007"
2,"P Shitala","Information for Spotting Text",2018,"Computer Vision–ECCV 2018","","","https://scholar.google.com/scholar?cites=17074843584906822858&as_sdt=2005&sciodt=2007&hl=en",109,"2025-12-30 10:15:01","CITATION","","","",,,,,2,0.29,2,1,7,"","","https://scholar.google.com/scholar?q=related:yoS6KcYH9uwJ:scholar.google.com/&scioq=author:%22shitala+prasad%22&hl=en&as_sdt=2007"
2,"KS Kumar, S Prasad, VB Semwal, RC Tripathi","International journal of artificial intelligence applications (ijaia)",2011,"Real time face recognition using …","","","https://scholar.google.com/scholar?cites=2866991736329378528&as_sdt=2005&sciodt=2007&hl=en",110,"2025-12-30 10:15:01","CITATION","","","",,,,,2,0.14,1,4,14,"","","https://scholar.google.com/scholar?q=related:4JrkUcuZyScJ:scholar.google.com/&scioq=author:%22shitala+prasad%22&hl=en&as_sdt=2007"
2,"S Prasad, SK Peddoju, D Ghosh","AgroMobile: A Cloud-Based System for Agriculturists on Portable Platforml",2013,"Universal Diary of Progressed Science and …","","","https://scholar.google.com/scholar?cites=14516239914959391519&as_sdt=2005&sciodt=2007&hl=en",111,"2025-12-30 10:15:01","CITATION","","","",,,,,2,0.17,1,3,12,"","","https://scholar.google.com/scholar?q=related:H0uA1UoLdMkJ:scholar.google.com/&scioq=author:%22shitala+prasad%22&hl=en&as_sdt=2007"
2,"L Dongyun, L Yiqun, P Shitala","Nwe Tin Lay, Dong Sheng, Oo Zaw Min, CAM-guided Multi-Path Decoding U-Net with Triplet Feature Regularization for defect detection and segmentation",2021,"Knowl.-Based Syst","","","https://scholar.google.com/scholar?cites=12166589957323281782&as_sdt=2005&sciodt=2007&hl=en",112,"2025-12-30 10:15:01","CITATION","","","",,,,,2,0.50,1,3,4,"","","https://scholar.google.com/scholar?q=related:dtUW1hpp2KgJ:scholar.google.com/&scioq=author:%22shitala+prasad%22&hl=en&as_sdt=2007"
2,"SP Singh","Neolithic-Chalcolithic Potteries of Eastern Uttar-Pradesh",2013,"American International Journal of Research in …","academia.edu","https://www.academia.edu/download/32540916/AIJRHASS13-365.pdf","https://scholar.google.com/scholar?cites=16349796364703292396&as_sdt=2005&sciodt=2007&hl=en",114,"2025-12-30 10:15:01","PDF","","","",,,,,2,0.17,2,1,12,"Eastern Uttar-Pradesh (23051'N.-280 30'N. and which 810 31'E–810 39'E) which extends from Allahabad and Kaushambi districts of the province in the west to the Bihar-Bengal …","https://www.academia.edu/download/32540916/AIJRHASS13-365.pdf","https://scholar.google.com/scholar?q=related:7NscNCsl5uIJ:scholar.google.com/&scioq=author:%22shitala+prasad%22&hl=en&as_sdt=2007"
2,"SP Singh","Early centers of origin of agriculture in the middle Ganga plain",2014,"American International Journal of Research in …","","","https://scholar.google.com/scholar?cites=8414276350384893229&as_sdt=2005&sciodt=2007&hl=en",117,"2025-12-30 10:15:01","CITATION","","","",,,,,2,0.18,2,1,11,"","","https://scholar.google.com/scholar?q=related:LW2pisKDxXQJ:scholar.google.com/&scioq=author:%22shitala+prasad%22&hl=en&as_sdt=2007"
2,"KV Ramesh, SP Tewari, MJ Sarma","Indian History and Epigraphy: Dr. GS Gai Felicitation Volume",1990,"","Agam Kala Prakashan","","https://scholar.google.com/scholar?cites=7509915793960187461&as_sdt=2005&sciodt=2007&hl=en",122,"2025-12-30 10:15:01","CITATION","","","",,,,,2,0.06,1,3,35,"","","https://scholar.google.com/scholar?q=related:RbYXGKCUOGgJ:scholar.google.com/&scioq=author:%22shitala+prasad%22&hl=en&as_sdt=2007"
3,"S Prasad, Y Li, D Lin, A Guo","Implicit shape biased few-shot learning for 3d object generalization",2022,"2022 IEEE International …","ieeexplore.ieee.org","https://ieeexplore.ieee.org/abstract/document/9897438/","https://scholar.google.com/scholar?cites=10458994327256758844&as_sdt=2005&sciodt=2007&hl=en",53,"2025-12-30 10:15:01","","","","",,,,,3,1.00,1,4,3,"The current state-of-the-art (SOTA) methods validate the role of shape in object categorization, however, except few, most of them neglect object shape information …","https://ieeexplore.ieee.org/iel7/9897158/9897159/09897438.pdf","https://scholar.google.com/scholar?q=related:PPr2L-3PJZEJ:scholar.google.com/&scioq=author:%22shitala+prasad%22&hl=en&as_sdt=2007"
3,"TL Nwe, RS Pahwa, R Chang, OZ Min, ...","On the use of component structural characteristics for voxel segmentation in semicon 3D images",2022,"ICASSP 2022-2022 …","ieeexplore.ieee.org","https://ieeexplore.ieee.org/abstract/document/9747623/","https://scholar.google.com/scholar?cites=14704204140997406055&as_sdt=2005&sciodt=2007&hl=en",63,"2025-12-30 10:15:01","","","","",,,,,3,1.00,1,5,3,"Detecting defects buried inside chips is critical for failure analysis in semiconductor manufacturing. In this paper, we perform 3D voxel segmentation on 2.5 D semicon chips to …","https://ieeexplore.ieee.org/iel7/9745891/9746004/09747623.pdf","https://scholar.google.com/scholar?q=related:Z236kMLTD8wJ:scholar.google.com/&scioq=author:%22shitala+prasad%22&hl=en&as_sdt=2007"
3,"PP Singh, RD Garg, S Prasad","Tree detection from urban developed areas in high-resolution satellite images",2023,"… for Problem Solving: Proceedings of the …","Springer","https://link.springer.com/chapter/10.1007/978-981-19-6525-8_19","https://scholar.google.com/scholar?cites=6992421848489537759&as_sdt=2005&sciodt=2007&hl=en",64,"2025-12-30 10:15:01","","10.1007/978-981-19-6525-8_19","","",,,,,3,1.50,1,3,2,"Preserving trees is a challenging area which indeed an automated method to analyze the percentage of trees area in respect of total land area. In this regard, a good level of …","","https://scholar.google.com/scholar?q=related:3zDmrp8SCmEJ:scholar.google.com/&scioq=author:%22shitala+prasad%22&hl=en&as_sdt=2007"
3,"R Saxena, M Chaudhary, CK Maurya, ...","An intelligent recommendation-cum-reminder system",2022,"Proceedings of the 5th …","dl.acm.org","https://dl.acm.org/doi/abs/10.1145/3493700.3493724","https://scholar.google.com/scholar?cites=13192437712727321349&as_sdt=2005&sciodt=2007&hl=en",69,"2025-12-30 10:15:01","","10.1145/3493700.3493724","","",,,,,3,1.00,1,4,3,"Intelligent recommendation and reminder systems are the need of the fast-pacing life. Current intelligent systems such as Siri, Google Assistant, Microsoft Cortona, etc., have …","https://dl.acm.org/doi/pdf/10.1145/3493700.3493724","https://scholar.google.com/scholar?q=related:BSuUBDT0FLcJ:scholar.google.com/&scioq=author:%22shitala+prasad%22&hl=en&as_sdt=2007"
3,"S Prasad, PP Singh","A compact mobile image quality assessment using a simple frequency signature",2018,"2018 15th International Conference on …","ieeexplore.ieee.org","https://ieeexplore.ieee.org/abstract/document/8581379/","https://scholar.google.com/scholar?cites=9532163607384213689&as_sdt=2005&sciodt=2007&hl=en",74,"2025-12-30 10:15:01","","","","",,,,,3,0.43,2,2,7,"This paper addresses the task of automatic cleaning up of photo collections on low computing devices like mobile phones. That is, the task of automatically detecting and …","https://ieeexplore.ieee.org/iel7/8564369/8580630/08581379.pdf","https://scholar.google.com/scholar?q=related:ucgKH0wMSYQJ:scholar.google.com/&scioq=author:%22shitala+prasad%22&hl=en&as_sdt=2007"
3,"S Prasad, S Gupta","Volumetric tumour detection using improved region grow algorithm",2018,"International Journal of Computational …","inderscienceonline.com","https://www.inderscienceonline.com/doi/abs/10.1504/IJCSYSE.2018.091388","https://scholar.google.com/scholar?cites=11208000560478368253&as_sdt=2005&sciodt=2007&hl=en",75,"2025-12-30 10:15:01","","10.1504/IJCSYSE.2018.091388","","",,,,,3,0.43,2,2,7,"This paper works on segmentation of brain pathological tissues (tumour, edema and narcotic core) and visualise it in 3D for their better physiological understanding. We propose …","","https://scholar.google.com/scholar?q=related:_TGxkSDRipsJ:scholar.google.com/&scioq=author:%22shitala+prasad%22&hl=en&as_sdt=2007"
3,"V Gautam, S Sunidhi, S Prasad","AI-Powered Surveillance for Smart Cities",2025,"Internet of Vehicles and Computer Vision …","Springer","https://link.springer.com/chapter/10.1007/978-3-031-72959-1_11","https://scholar.google.com/scholar?cites=2033486372093230089&as_sdt=2005&sciodt=2007&hl=en",78,"2025-12-30 10:15:01","","10.1007/978-3-031-72959-1_11","","",,,,,3,3.00,1,3,1,"In the dynamic landscape of urbanization, Smart Cities emerge as a transformative approach to city development. By leveraging technology, they aim to improve citizens' lives …","","https://scholar.google.com/scholar?q=related:Cfw24BRlOBwJ:scholar.google.com/&scioq=author:%22shitala+prasad%22&hl=en&as_sdt=2007"
3,"S Prasad","Mobile vision for plant biometric system",2017,"Ubiquitous Machine Learning and Its Applications","igi-global.com","https://www.igi-global.com/chapter/mobile-vision-for-plant-biometric-system/179087","https://scholar.google.com/scholar?cites=11631570455128029256&as_sdt=2005&sciodt=2007&hl=en",79,"2025-12-30 10:15:01","","","","",,,,,3,0.38,3,1,8,"In human's life plant plays an important part to balance the nature and supply food-&-medicine. The traditional manual plant species identification method is tedious and time …","","https://scholar.google.com/scholar?q=related:SLjVxbOja6EJ:scholar.google.com/&scioq=author:%22shitala+prasad%22&hl=en&as_sdt=2007"
3,"SP Misra","Labour problems in ancient &medieval India",1961,"(No Title)","cir.nii.ac.jp","https://cir.nii.ac.jp/crid/1130282273091110528","https://scholar.google.com/scholar?cites=15147090298018880210&as_sdt=2005&sciodt=2007&hl=en",120,"2025-12-30 10:15:01","CITATION","","","",,,,,3,0.05,3,1,64,"Labour problems in ancient &medieval India | CiNii Research CiNii 国立情報学研究所 学術情報 ナビゲータ[サイニィ] 詳細へ移動 検索フォームへ移動 論文・データをさがす 大学図書館の本をさがす …","","https://scholar.google.com/scholar?q=related:0loukl9GNdIJ:scholar.google.com/&scioq=author:%22shitala+prasad%22&hl=en&as_sdt=2007"
3,"SP Tewari","Contributions of Sanskrit inscriptions to lexicography",1987,"(No Title)","cir.nii.ac.jp","https://cir.nii.ac.jp/crid/1130000798171315968","https://scholar.google.com/scholar?cites=6625598235496079870&as_sdt=2005&sciodt=2007&hl=en",121,"2025-12-30 10:15:01","CITATION","","","",,,,,3,0.08,3,1,38,"Contributions of Sanskrit inscriptions to lexicography | CiNii Research CiNii 国立情報学研究所 学術情報ナビゲータ[サイニィ] 詳細へ移動 検索フォームへ移動 論文・データをさがす 大学 …","","https://scholar.google.com/scholar?q=related:_uEyw33a8lsJ:scholar.google.com/&scioq=author:%22shitala+prasad%22&hl=en&as_sdt=2007"
3,"SP Tewari","A Note on Varika of the Inscriptions",1982,"Journal of the Epigraphical Society of India","","","https://scholar.google.com/scholar?cites=15842931319414104161&as_sdt=2005&sciodt=2007&hl=en",124,"2025-12-30 10:15:01","CITATION","","","",,,,,3,0.07,3,1,43,"","","https://scholar.google.com/scholar?q=related:YaCWdhhm3dsJ:scholar.google.com/&scioq=author:%22shitala+prasad%22&hl=en&as_sdt=2007"
4,"S Biswas, R Hazra, S Prasad","A region-based level set formulation using machine learning approach in medical image segmentation",2019,"TENCON 2019-2019 IEEE …","ieeexplore.ieee.org","https://ieeexplore.ieee.org/abstract/document/8929350/","https://scholar.google.com/scholar?cites=13727913100030949762&as_sdt=2005&sciodt=2007&hl=en",67,"2025-12-30 10:15:01","","","","",,,,,4,0.67,1,3,6,"A new region-based active contour model in level set formulation is proposed to segment medical images with poorly defined boundaries. From literature, it is observed that the …","https://ieeexplore.ieee.org/iel7/8910516/8929228/08929350.pdf","https://scholar.google.com/scholar?q=related:grnGGjtYg74J:scholar.google.com/&scioq=author:%22shitala+prasad%22&hl=en&as_sdt=2007"
4,"S Prasad, BN Keshavamurthy","An efficient artistic image-video transfer approach",2016,"2016 23rd International …","ieeexplore.ieee.org","https://ieeexplore.ieee.org/abstract/document/7827320/","https://scholar.google.com/scholar?cites=9418659601279336901&as_sdt=2005&sciodt=2007&hl=en",72,"2025-12-30 10:15:01","","","","",,,,,4,0.44,2,2,9,"The paper presents a very simple and efficient way of color style transfer of a video using a reference image. Style transfer changes the mood of look and feel of video. Here, in this …","https://ieeexplore.ieee.org/iel7/7801400/7827253/07827320.pdf","https://scholar.google.com/scholar?q=related:xcGTUgHNtYIJ:scholar.google.com/&scioq=author:%22shitala+prasad%22&hl=en&as_sdt=2007"
5,"PP Singh, D Kumar, A Srivastava, ...","A CNN model based approach for disease detection in mango plant leaves",2023,"… conference on soft …","Springer","https://link.springer.com/chapter/10.1007/978-981-97-3292-0_27","https://scholar.google.com/scholar?cites=13179857600097605498&as_sdt=2005&sciodt=2007&hl=en",45,"2025-12-30 10:15:01","","10.1007/978-981-97-3292-0_27","","",,,,,5,2.50,1,4,2,"In this study, we propose a machine learning (ML) based method for the early detection of plant leaf diseases. Plant diseases are a major concern in agriculture, impacting crop yield …","","https://scholar.google.com/scholar?q=related:etcMTKhC6LYJ:scholar.google.com/&scioq=author:%22shitala+prasad%22&hl=en&as_sdt=2007"
5,"S Prasad, T Chai, J Li, Z Zhang","Cr loss: Improving biometric using classroom learning approach",2023,"The Computer Journal","academic.oup.com","https://academic.oup.com/comjnl/article-abstract/66/12/2897/6761065","https://scholar.google.com/scholar?cites=3562283734791838125&as_sdt=2005&sciodt=2007&hl=en",46,"2025-12-30 10:15:01","","","","",,,,,5,2.50,1,4,2,"One of the important factors in deep feature learning is their loss function design which highly influences the network performance. In this paper, we proposed a classroom (CR) …","","https://scholar.google.com/scholar?q=related:rVlr2S7GbzEJ:scholar.google.com/&scioq=author:%22shitala+prasad%22&hl=en&as_sdt=2007"
5,"A Abraham, S Prasad, A Alhammadi, T Lestable, ...","Internet of Vehicles and Computer Vision Solutions for Smart City Transformations",2025,"","Springer","https://link.springer.com/content/pdf/10.1007/978-3-031-72959-1.pdf","https://scholar.google.com/scholar?cites=735952732923234441&as_sdt=2005&sciodt=2007&hl=en",59,"2025-12-30 10:15:01","BOOK","10.1007/978-3-031-72959-1","","",,,,,5,5.00,1,5,1,"This book compiles recent research endeavors at the intersection of Computer Vision (CV) and Deep Learning for Internet of Vehicles (IoV) applications, which are pivotal in shaping …","","https://scholar.google.com/scholar?q=related:iQhegRyhNgoJ:scholar.google.com/&scioq=author:%22shitala+prasad%22&hl=en&as_sdt=2007"
5,"D Lin, Y Li, S Prasad, TL Nwe, S Dong, ...","CAM-Guided u-net with adversarial regularization for defect segmentation",2021,"… Conference on Image …","ieeexplore.ieee.org","https://ieeexplore.ieee.org/abstract/document/9506582/","https://scholar.google.com/scholar?cites=4827942781739700421&as_sdt=2005&sciodt=2007&hl=en",62,"2025-12-30 10:15:01","","","","",,,,,5,1.25,1,6,4,"Defect segmentation is critical in real-wold industrial product quality assessment. There are usually a huge number of normal (defect-free) images but a very limited number of …","https://ieeexplore.ieee.org/iel7/9506008/9506009/09506582.pdf","https://scholar.google.com/scholar?q=related:xZCBZWFMAEMJ:scholar.google.com/&scioq=author:%22shitala+prasad%22&hl=en&as_sdt=2007"
5,"S Prasad, A Prakash, SK Peddoju, ...","Control of computer process using image processing and computer vision for low-processing devices",2012,"Proceedings of the …","dl.acm.org","https://dl.acm.org/doi/abs/10.1145/2345396.2345583","https://scholar.google.com/scholar?cites=10565763263088821639&as_sdt=2005&sciodt=2007&hl=en",68,"2025-12-30 10:15:01","","10.1145/2345396.2345583","","",,,,,5,0.38,1,4,13,"In this paper a fast and efficient free hand motion detection method is proposed. Presenting an automated intelligent computer vision based HCI system to control and interact without …","https://dl.acm.org/doi/pdf/10.1145/2345396.2345583","https://scholar.google.com/scholar?q=related:hwVIPbUhoZIJ:scholar.google.com/&scioq=author:%22shitala+prasad%22&hl=en&as_sdt=2007"
5,"P Kumar, A Agrawal, S Prasad","Multimodal interface for temporal pattern based interactive large volumetric visualization",2017,"TENCON 2017-2017 IEEE …","ieeexplore.ieee.org","https://ieeexplore.ieee.org/abstract/document/8228047/","https://scholar.google.com/scholar?cites=14180483268517061175&as_sdt=2005&sciodt=2007&hl=en",71,"2025-12-30 10:15:01","","","","",,,,,5,0.63,2,3,8,"Scientific data visualization is a prominent area of research in the development of Virtual Reality Applications in order to make it more interactive and robotic. But the efficient …","https://ieeexplore.ieee.org/iel7/8169968/8227816/08228047.pdf","https://scholar.google.com/scholar?q=related:N2JUu2Yyy8QJ:scholar.google.com/&scioq=author:%22shitala+prasad%22&hl=en&as_sdt=2007"
6,"V Gautam, S Prasad, S Sinha","Aap-reid: Improved attention-aware person re-identification",2023,"arXiv preprint arXiv:2309.15780","arxiv.org","https://arxiv.org/abs/2309.15780","https://scholar.google.com/scholar?cites=11859017640219254866&as_sdt=2005&sciodt=2007&hl=en",31,"2025-12-30 10:15:01","","","","",,,,,6,3.00,2,3,2,"Person re-identification (ReID) is a well-known problem in the field of computer vision. The primary objective is to identify a specific individual within a gallery of images. However, this …","https://arxiv.org/pdf/2309.15780","https://scholar.google.com/scholar?q=related:UiBcRraxk6QJ:scholar.google.com/&scioq=author:%22shitala+prasad%22&hl=en&as_sdt=2007"
6,"A Pandey, P Kumar, S Prasad","2d convolutional lstm-based approach for human action recognition on various sensor data",2022,"… on frontiers of intelligent computing: theory …","Springer","https://link.springer.com/chapter/10.1007/978-981-19-7524-0_36","https://scholar.google.com/scholar?cites=17706498691420821695&as_sdt=2005&sciodt=2007&hl=en",49,"2025-12-30 10:15:01","","10.1007/978-981-19-7524-0_36","","",,,,,6,2.00,2,3,3,"Human activity recognition (HAR) has appeared as a prominent player in the video surveillance. The conventional pattern recognition systems have made significant …","","https://scholar.google.com/scholar?q=related:v5gOLr8euvUJ:scholar.google.com/&scioq=author:%22shitala+prasad%22&hl=en&as_sdt=2007"
6,"S Prasad, Y Li, D Lin, S Dong, ...","A progressive multi-view learning approach for multi-loss optimization in 3d object recognition",2021,"IEEE Signal Processing …","ieeexplore.ieee.org","https://ieeexplore.ieee.org/abstract/document/9638316/","https://scholar.google.com/scholar?cites=8564450511073101199&as_sdt=2005&sciodt=2007&hl=en",50,"2025-12-30 10:15:01","","","","",,,,,6,1.50,1,5,4,"3D object recognition is a well studied 2D multi-view object classification task that achieves high accuracy if the object textures are distinctive. However, if objects are texture-less and …","https://ieeexplore.ieee.org/iel7/97/9686799/09638316.pdf","https://scholar.google.com/scholar?q=related:j8XsCF0K23YJ:scholar.google.com/&scioq=author:%22shitala+prasad%22&hl=en&as_sdt=2007"
6,"K Lu, T Chai, H Xu, S Prasad, J Yan, ...","Research on unexpected dns response from open dns resolvers",2022,"The Computer …","academic.oup.com","https://academic.oup.com/comjnl/article-abstract/65/9/2276/6281324","https://scholar.google.com/scholar?cites=12006566269979732662&as_sdt=2005&sciodt=2007&hl=en",57,"2025-12-30 10:15:01","","","","",,,,,6,2.00,1,6,3,"As the backbone of the domain name system (DNS), DNS resolvers are essential to the Internet. Nowadays, the measurement of DNS resolvers, especially open DNS resolvers …","https://www.researchgate.net/profile/Jianen-Yan/publication/351900516_Research_on_Unexpected_DNS_Response_from_Open_DNS_Resolvers/links/63bb82e703aad5368e765c91/Research-on-Unexpected-DNS-Response-from-Open-DNS-Resolvers.pdf","https://scholar.google.com/scholar?q=related:tipUtmjkn6YJ:scholar.google.com/&scioq=author:%22shitala+prasad%22&hl=en&as_sdt=2007"
6,"S Prasad, SK Peddoju, D Ghosh","An adaptive plant leaf mobile informatics using RSSC",2017,"Multimedia Tools and Applications","Springer","https://link.springer.com/article/10.1007/s11042-016-4040-8","https://scholar.google.com/scholar?cites=2462990834456465817&as_sdt=2005&sciodt=2007&hl=en",60,"2025-12-30 10:15:01","HTML","10.1007/s11042-016-4040-8","","",,,,,6,0.75,2,3,8,"An automated plant biometric system is now an important step in preserving nature's biodiversity. This paper presents a novel Relative Sub-image Sparse Coefficient (RSSC) …","https://link.springer.com/article/10.1007/s11042-016-4040-8","https://scholar.google.com/scholar?q=related:mRHSTB1NLiIJ:scholar.google.com/&scioq=author:%22shitala+prasad%22&hl=en&as_sdt=2007"
6,"S Prasad, PP Singh","Medicinal Plant Leaf Information Extraction Using Deep Features"" published in Proc. of the 2017 IEEE Region 10 Conference (TENCON)",2017,"Malaysia, November","","","https://scholar.google.com/scholar?cites=7618992513900303452&as_sdt=2005&sciodt=2007&hl=en",108,"2025-12-30 10:15:01","CITATION","","","",,,,,6,0.75,3,2,8,"","","https://scholar.google.com/scholar?q=related:XFRjAVMZvGkJ:scholar.google.com/&scioq=author:%22shitala+prasad%22&hl=en&as_sdt=2007"
7,"S Prasad, T Chai","Multi-scale arc-fusion based feature embedding for small-scale biometrics",2023,"Neural Processing Letters","Springer","https://link.springer.com/article/10.1007/s11063-023-11179-3","https://scholar.google.com/scholar?cites=17811446927361985960&as_sdt=2005&sciodt=2007&hl=en",29,"2025-12-30 10:15:01","HTML","10.1007/s11063-023-11179-3","","",,,,,7,3.50,4,2,2,"Automatic person recognition using finger-vein has been extensively investigated in recent years. Mostly the published research on biometrics are based on the hand-crafted feature …","https://link.springer.com/article/10.1007/s11063-023-11179-3","https://scholar.google.com/scholar?q=related:qE0igZz4LvcJ:scholar.google.com/&scioq=author:%22shitala+prasad%22&hl=en&as_sdt=2007"
8,"GY Sun, F Ye, T Chai, Z Zhang, X Tong, ...","Gambling domain name recognition via certificate and textual analysis",2023,"The Computer …","academic.oup.com","https://academic.oup.com/comjnl/article-abstract/66/8/1829/6570684","https://scholar.google.com/scholar?cites=7627562916375186086&as_sdt=2005&sciodt=2007&hl=en",36,"2025-12-30 10:15:01","","","","",,,,,8,4.00,1,6,2,"On-line gambling is the key illegal behaviour of public security department in most countries due to the potential threat to cyberspace security and social stability. Hence, the research on …","https://academic.oup.com/comjnl/article/66/8/1829/6570684","https://scholar.google.com/scholar?q=related:pkp8VA-M2mkJ:scholar.google.com/&scioq=author:%22shitala+prasad%22&hl=en&as_sdt=2007"
8,"S Prasad, PP Singh","Vision system for medicinal plant leaf acquisition and analysis",2017,"Applications of Cognitive Computing Systems and …","Springer","https://link.springer.com/chapter/10.1007/978-981-10-6418-0_5","https://scholar.google.com/scholar?cites=5177982749199000233&as_sdt=2005&sciodt=2007&hl=en",58,"2025-12-30 10:15:01","","10.1007/978-981-10-6418-0_5","","",,,,,8,1.00,4,2,8,"Medicinal plant identification is a challenging but very useful task in computer vision (CV). Deep convolutional neural network (CNN) is promisingly used in plant identification as …","https://www.researchgate.net/profile/Pankaj-Singh-96/publication/320732971_Vision_System_for_Medicinal_Plant_Leaf_Acquisition_and_Analysis/links/633741059cb4fe44f3ef4ef9/Vision-System-for-Medicinal-Plant-Leaf-Acquisition-and-Analysis.pdf","https://scholar.google.com/scholar?q=related:qWIbU-Dj20cJ:scholar.google.com/&scioq=author:%22shitala+prasad%22&hl=en&as_sdt=2007"
9,"D Lin, Y Li, Y Cheng, S Prasad, ...","Masked face recognition via self-attention based local consistency regularization",2022,"2022 IEEE International …","ieeexplore.ieee.org","https://ieeexplore.ieee.org/abstract/document/9898076/","https://scholar.google.com/scholar?cites=9915680799433793801&as_sdt=2005&sciodt=2007&hl=en",40,"2025-12-30 10:15:01","","","","",,,,,9,3.00,2,5,3,"With the COVID-19 pandemic, one critical measure against infection is wearing masks. This measure poses a huge challenge to the existing face recognition systems by introducing …","https://ieeexplore.ieee.org/iel7/9897158/9897159/09898076.pdf","https://scholar.google.com/scholar?q=related:CaFpzCaTm4kJ:scholar.google.com/&scioq=author:%22shitala+prasad%22&hl=en&as_sdt=2007"
9,"PP Singh, S Prasad, AK Chaudhary, CK Patel, ...","Classification of effusion and cartilage erosion affects in osteoarthritis knee MRI images using deep learning model",2019,"… on Computer Vision and …","Springer","https://link.springer.com/chapter/10.1007/978-981-15-4018-9_34","https://scholar.google.com/scholar?cites=1419256570429828908&as_sdt=2005&sciodt=2007&hl=en",44,"2025-12-30 10:15:01","","10.1007/978-981-15-4018-9_34","","",,,,,9,1.50,2,5,6,"In today's digital world, the major working culture is shifted to electronic devices such as computers and smartphone causing minimal physical exercise. Due to this reason, at old …","","https://scholar.google.com/scholar?q=related:LO-bzVQ2shMJ:scholar.google.com/&scioq=author:%22shitala+prasad%22&hl=en&as_sdt=2007"
9,"S Prasad, SK Peddoju, D Ghosh","Agriculture as a service",2021,"IEEE Potentials","ieeexplore.ieee.org","https://ieeexplore.ieee.org/abstract/document/9611174/","https://scholar.google.com/scholar?cites=1862090903468009681&as_sdt=2005&sciodt=2007&hl=en",54,"2025-12-30 10:15:01","","","","",,,,,9,2.25,3,3,4,"In this emerging digital world, mobile devices are the leading technologies available and used by almost everyone everywhere in every field. These ubiquitous devices have become …","","https://scholar.google.com/scholar?q=related:0WiymM951xkJ:scholar.google.com/&scioq=author:%22shitala+prasad%22&hl=en&as_sdt=2007"
10,"R Gao, H Su, S Prasad, P Tang","Few-shot classification with multisemantic information fusion network",2024,"Image and Vision Computing","Elsevier","https://www.sciencedirect.com/science/article/pii/S0262885623002433","https://scholar.google.com/scholar?cites=9229092718082751398&as_sdt=2005&sciodt=2007&hl=en",17,"2025-12-30 10:15:01","HTML","","","",,,,,10,10.00,3,4,1,"Metric-based methods aim to predict class labels by computing the similarity between samples using distance functions, which is the mainstream approach to few-shot learning …","https://www.sciencedirect.com/science/article/pii/S0262885623002433","https://scholar.google.com/scholar?q=related:pnt35O1SFIAJ:scholar.google.com/&scioq=author:%22shitala+prasad%22&hl=en&as_sdt=2007"
10,"D Lin, Y Cheng, Y Li, S Prasad, ...","MLSA-UNet: End-to-End multi-level spatial attention guided UNet for industrial defect segmentation",2022,"2022 IEEE International …","ieeexplore.ieee.org","https://ieeexplore.ieee.org/abstract/document/9897416/","https://scholar.google.com/scholar?cites=17417552087032091811&as_sdt=2005&sciodt=2007&hl=en",33,"2025-12-30 10:15:01","","","","",,,,,10,3.33,2,5,3,"Defect segmentation from 2D images plays a critical role in industrial product quality assessment. In practice, it is common that there are sufficient normal (defect-free) images but …","https://ieeexplore.ieee.org/iel7/9897158/9897159/09897416.pdf","https://scholar.google.com/scholar?q=related:o1RpTFeTt_EJ:scholar.google.com/&scioq=author:%22shitala+prasad%22&hl=en&as_sdt=2007"
10,"S Prasad, SK Peddoju, D Ghosh","Mobile mixed reality based damage level estimation of diseased plant leaf",2014,"2014 Eighth International …","ieeexplore.ieee.org","https://ieeexplore.ieee.org/abstract/document/6982894/","https://scholar.google.com/scholar?cites=7693576015176754933&as_sdt=2005&sciodt=2007&hl=en",51,"2025-12-30 10:15:01","","","","",,,,,10,0.91,3,3,11,"This paper presents a new dimension for effective cultivation using Mobile Devices (MD) in this ubiquitous digital world. Novel low cost entropy based key frame selection from online …","https://ieeexplore.ieee.org/iel7/6979378/6982871/06982894.pdf","https://scholar.google.com/scholar?q=related:9WYTnZ8SxWoJ:scholar.google.com/&scioq=author:%22shitala+prasad%22&hl=en&as_sdt=2007"
11,"D Lin, Y Li, Y Cheng, S Prasad, A Guo, ...","Multi-range view aggregation network with vision transformer feature fusion for 3D object retrieval",2023,"IEEE Transactions on …","ieeexplore.ieee.org","https://ieeexplore.ieee.org/abstract/document/10049659/","https://scholar.google.com/scholar?cites=9969103395606000059&as_sdt=2005&sciodt=2007&hl=en",23,"2025-12-30 10:15:01","","","","",,,,,11,5.50,2,6,2,"View-based methods have achieved state-of-the-art performance in 3D object retrieval. However, view-based methods still encounter two major challenges. The first is how to …","https://ieeexplore.ieee.org/iel7/6046/4456689/10049659.pdf","https://scholar.google.com/scholar?q=related:u3E8QLheWYoJ:scholar.google.com/&scioq=author:%22shitala+prasad%22&hl=en&as_sdt=2007"
11,"S Prasad, T Chai","Palmprint for individual's personality behavior analysis",2022,"The Computer Journal","academic.oup.com","https://academic.oup.com/comjnl/article-abstract/65/2/355/5860494","https://scholar.google.com/scholar?cites=13742105620769731217&as_sdt=2005&sciodt=2007&hl=en",37,"2025-12-30 10:15:01","","","","",,,,,11,3.67,6,2,3,"Palmprint is an important key player in biometric family and also informs some extra basic personality details of an individual. In this paper, we utilize these extra information and …","","https://scholar.google.com/scholar?q=related:kfLg10DEtb4J:scholar.google.com/&scioq=author:%22shitala+prasad%22&hl=en&as_sdt=2007"
11,"S Prasad, SK Peddoju, D Ghosh","Mobile augmented reality based interactive teaching &learning system with low computation approach",2013,"2013 IEEE Symposium on …","ieeexplore.ieee.org","https://ieeexplore.ieee.org/abstract/document/6611669/","https://scholar.google.com/scholar?cites=10420122049131738913&as_sdt=2005&sciodt=2007&hl=en",52,"2025-12-30 10:15:01","","","","",,,,,11,0.92,4,3,12,"This paper presents a fast and efficient hand gesture based mobile augmented reality (MAR) system for interactive classroom. It provides a complex visual augmented layer over static …","https://ieeexplore.ieee.org/iel7/6596010/6611654/06611669.pdf","https://scholar.google.com/scholar?q=related:IXe2psu1m5AJ:scholar.google.com/&scioq=author:%22shitala+prasad%22&hl=en&as_sdt=2007"
11,"GK Verma, S Prasad, G Bakul","Robust face recognition using curvelet transform",2011,"… of the 2011 International Conference on …","dl.acm.org","https://dl.acm.org/doi/abs/10.1145/1947940.1947991","https://scholar.google.com/scholar?cites=8418706808078736044&as_sdt=2005&sciodt=2007&hl=en",55,"2025-12-30 10:15:01","","10.1145/1947940.1947991","","",,,,,11,0.79,4,3,14,"In this paper, we perform the face recognition using curvelet transform. In literature, multi resolution analyses of image through wavelet and Gabor transform have been quite …","https://dl.acm.org/doi/pdf/10.1145/1947940.1947991","https://scholar.google.com/scholar?q=related:rBqy2zxB1XQJ:scholar.google.com/&scioq=author:%22shitala+prasad%22&hl=en&as_sdt=2007"
13,"Y Zhong, J Li, T Chai, S Prasad, Z Zhang","Different dimension issues in deep feature space for finger-vein recognition",2021,"Chinese conference on …","Springer","https://link.springer.com/chapter/10.1007/978-3-030-86608-2_33","https://scholar.google.com/scholar?cites=8862919698210507152&as_sdt=2005&sciodt=2007&hl=en",30,"2025-12-30 10:15:01","","10.1007/978-3-030-86608-2_33","","",,,,,13,3.25,3,5,4,"Hand-crafted approaches were the dominating solutions and recently, more convolutional neural network (CNN)-based methods have been proposed for finger-vein recognition …","","https://scholar.google.com/scholar?q=related:kEmm_IFq_3oJ:scholar.google.com/&scioq=author:%22shitala+prasad%22&hl=en&as_sdt=2007"
13,"S Prasad, SK Peddoju, D Ghosh","Unsupervised resolution independent based natural plant leaf disease segmentation approach for mobile devices",2013,"… of the 5th IBM Collaborative Academia …","dl.acm.org","https://dl.acm.org/doi/abs/10.1145/2528228.2528240","https://scholar.google.com/scholar?cites=3133023332614675251&as_sdt=2005&sciodt=2007&hl=en",47,"2025-12-30 10:15:01","","10.1145/2528228.2528240","","",,,,,13,1.08,4,3,12,"This paper presents a novel efficient and robust mobile vision system for unsupervised leaf image segmentation in mobile devices which uses a L* a* b* color texture features. In this …","https://dl.acm.org/doi/pdf/10.1145/2528228.2528240","https://scholar.google.com/scholar?q=related:MxuCHR-8eisJ:scholar.google.com/&scioq=author:%22shitala+prasad%22&hl=en&as_sdt=2007"
14,"S Prasad, P Kumar, A Jain","Detection of disease using block-based unsupervised natural plant leaf color image segmentation",2011,"International conference on swarm …","Springer","https://link.springer.com/chapter/10.1007/978-3-642-27172-4_49","https://scholar.google.com/scholar?cites=14900143984247144078&as_sdt=2005&sciodt=2007&hl=en",42,"2025-12-30 10:15:01","","10.1007/978-3-642-27172-4_49","","",,,,,14,1.00,5,3,14,"A novel unsupervised color image segmentation method is proposed in this paper. First, the image is converted to HSI color model and then it is divided into 5x5 grid matrix resulting into …","","https://scholar.google.com/scholar?q=related:jn45YwLyx84J:scholar.google.com/&scioq=author:%22shitala+prasad%22&hl=en&as_sdt=2007"
14,"KV Ramesh, SP Tewari","An Inscription of Pratihara Vatsaraja, Saka 717",1980,"","","","https://scholar.google.com/scholar?cites=3577244249260679387&as_sdt=2005&sciodt=2007&hl=en",118,"2025-12-30 10:15:01","CITATION","","","",,,,,14,0.31,7,2,45,"","","https://scholar.google.com/scholar?q=related:2-D9D7HspDEJ:scholar.google.com/&scioq=author:%22shitala+prasad%22&hl=en&as_sdt=2007"
16,"A Abraham, Y Zhang, S Prasad","Real-time prediction of multi-class lane-changing intentions based on highway vehicle trajectories",2021,"2021 IEEE International …","ieeexplore.ieee.org","https://ieeexplore.ieee.org/abstract/document/9564738/","https://scholar.google.com/scholar?cites=7240255995330832078&as_sdt=2005&sciodt=2007&hl=en",24,"2025-12-30 10:15:01","","","","",,,,,16,4.00,5,3,4,"For fully automated driving in the real-world, safety, comfort, and reliability are the key essentials during operation. However, in the automotive industry, it is critical to identify the …","https://oar.a-star.edu.sg/storage/1/1wzm5dokp5/real-time-prediction-of-multi-class-lane-changing-intentions-based-on-highway-vehicle-trajectories.pdf","https://scholar.google.com/scholar?q=related:ziaWnHeOemQJ:scholar.google.com/&scioq=author:%22shitala+prasad%22&hl=en&as_sdt=2007"
16,"S Prasad, GK Verma, BK Singh, ...","Basic handwritten character recognition from multi-lingual image dataset using multi-resolution and multi-directional transform",2012,"International Journal of …","World Scientific","https://www.worldscientific.com/doi/abs/10.1142/S0219691312500464","https://scholar.google.com/scholar?cites=11247690389644182467&as_sdt=2005&sciodt=2007&hl=en",43,"2025-12-30 10:15:01","","10.1142/S0219691312500464","","",,,,,16,1.23,4,4,13,"This paper, proposes a novel approach for feature extraction based on the segmentation and morphological alteration of handwritten multi-lingual characters. We explored multi …","https://www.researchgate.net/profile/Gyanendra-Verma/publication/265765231_Basic_handwritten_character_recognition_from_multi-lingual_image_dataset_using_multi-resolution_and_multi-directional_transform/links/56893da908ae051f9af74f25/Basic-handwritten-character-recognition-from-multi-lingual-image-dataset-using-multi-resolution-and-multi-directional-transform.pdf","https://scholar.google.com/scholar?q=related:wwNRCtHSF5wJ:scholar.google.com/&scioq=author:%22shitala+prasad%22&hl=en&as_sdt=2007"
17,"A Abraham, SC Nagavarapu, S Prasad, ...","Recent trends in autonomous vehicle validation ensuring road safety with emphasis on learning algorithms",2022,"… , Robotics and Vision …","ieeexplore.ieee.org","https://ieeexplore.ieee.org/abstract/document/10004304/","https://scholar.google.com/scholar?cites=12244576109324301894&as_sdt=2005&sciodt=2007&hl=en",19,"2025-12-30 10:15:01","","","","",,,,,17,5.67,4,4,3,"Recently, autonomous vehicles (AVs) have received a lot of attention from the automotive industry as well as the AV research community across the globe. To increase the safety of …","https://ieeexplore.ieee.org/iel7/10004205/10004219/10004304.pdf","https://scholar.google.com/scholar?q=related:RnaCzRh57akJ:scholar.google.com/&scioq=author:%22shitala+prasad%22&hl=en&as_sdt=2007"
17,"S Prasad, P Kumar, KP Sinha","Grayscale to color map transformation for efficient image analysis on low processing devices",2015,"Advances in Intelligent Informatics","Springer","https://link.springer.com/content/pdf/10.1007/978-3-319-11218-3_2?pdf=chapter%20toc","https://scholar.google.com/scholar?cites=16173700415980769761&as_sdt=2005&sciodt=2007&hl=en",39,"2025-12-30 10:15:01","","10.1007/978-3-319-11218-3_2","","",,,,,17,1.70,6,3,10,"This paper presents a novel method to convert a grayscale image to a colored image for quality image analysis. The grayscale IP operations are very challenging and limited. The …","","https://scholar.google.com/scholar?q=related:4REfHtaGdOAJ:scholar.google.com/&scioq=author:%22shitala+prasad%22&hl=en&as_sdt=2007"
18,"T Ma, K Cheng, T Chai, S Prasad, D Zhao, J Li, ...","Mdcenet: Multi-dimensional cross-enhanced network for infrared small target detection",2024,"Infrared Physics & …","Elsevier","https://www.sciencedirect.com/science/article/pii/S1350449524003591","https://scholar.google.com/scholar?cites=13486989444726825745&as_sdt=2005&sciodt=2007&hl=en",5,"2025-12-30 10:15:01","","","","",,,,,18,18.00,3,7,1,"Infrared small target detection (IRSTD) poses a persistent challenge due to the limited proportion of target pixels and susceptibility to noise and clutter interference. To tackle these …","","https://scholar.google.com/scholar?q=related:EaNiXnFpK7sJ:scholar.google.com/&scioq=author:%22shitala+prasad%22&hl=en&as_sdt=2007"
18,"S Prasad, P Kumar, KP Sinha","A wireless dynamic gesture user interface for HCI using hand data glove",2014,"2014 Seventh International …","ieeexplore.ieee.org","https://ieeexplore.ieee.org/abstract/document/6897148/","https://scholar.google.com/scholar?cites=11498302611148454677&as_sdt=2005&sciodt=2007&hl=en",38,"2025-12-30 10:15:01","","","","",,,,,18,1.64,6,3,11,"In this paper, DG5 hand data glove is used to design an intelligent and efficient human-computer interface to interact with VLC media player. It maps the static keyboard with …","","https://scholar.google.com/scholar?q=related:FTtz4U0tkp8J:scholar.google.com/&scioq=author:%22shitala+prasad%22&hl=en&as_sdt=2007"
19,"A Abraham, Y Zhang, S Prasad","Evacuation management framework towards smart city-wide intelligent emergency interactive response system",2024,"arXiv preprint arXiv:2403.07003","arxiv.org","https://arxiv.org/abs/2403.07003","https://scholar.google.com/scholar?cites=12911867547027486694&as_sdt=2005&sciodt=2007&hl=en",15,"2025-12-30 10:15:01","","","","",,,,,19,19.00,6,3,1,"A smart city solution toward future 6G network deployment allows small and medium sized enterprises (SMEs), industry, and government entities to connect with the infrastructures and …","https://arxiv.org/pdf/2403.07003","https://scholar.google.com/scholar?q=related:5rd3vx8rMLMJ:scholar.google.com/&scioq=author:%22shitala+prasad%22&hl=en&as_sdt=2007"
19,"TL Nwe, OZ Min, S Gopalakrishnan, ...","Improving 3d brain tumor segmentation with predict-refine mechanism using saliency and feature maps",2020,"… conference on image …","ieeexplore.ieee.org","https://ieeexplore.ieee.org/abstract/document/9190806/","https://scholar.google.com/scholar?cites=3350637686281745094&as_sdt=2005&sciodt=2007&hl=en",25,"2025-12-30 10:15:01","","","","",,,,,19,3.80,5,4,5,"This paper demonstrates the use of 3D Anisotropic Convolutional Neural Network (CNN) with predict-refine mechanism for 3D brain tumor segmentation. We propose two networks …","https://ieeexplore.ieee.org/iel7/9184803/9190635/09190806.pdf","https://scholar.google.com/scholar?q=related:xjLcJTnbfy4J:scholar.google.com/&scioq=author:%22shitala+prasad%22&hl=en&as_sdt=2007"
21,"D Lin, Y Li, Y Cheng, S Prasad, TL Nwe, S Dong, ...","Multi-view 3D object retrieval leveraging the aggregation of view and instance attentive features",2022,"Knowledge-Based …","Elsevier","https://www.sciencedirect.com/science/article/pii/S0950705122003549","https://scholar.google.com/scholar?cites=6865570680064849777&as_sdt=2005&sciodt=2007&hl=en",21,"2025-12-30 10:15:01","HTML","","","",,,,,21,7.00,3,7,3,"In multi-view 3D object retrieval tasks, it is pivotal to aggregate visual features extracted from multiple view images to generate a discriminative representation for a 3D object. The …","https://www.sciencedirect.com/science/article/pii/S0950705122003549","https://scholar.google.com/scholar?q=related:cTeafShoR18J:scholar.google.com/&scioq=author:%22shitala+prasad%22&hl=en&as_sdt=2007"
21,"T Chai, S Prasad, J Yan, Z Zhang","Contactless palmprint biometrics using DeepNet with dedicated assistant layers",2023,"The Visual Computer","Springer","https://link.springer.com/article/10.1007/s00371-022-02571-6","https://scholar.google.com/scholar?cites=11600039298148158777&as_sdt=2005&sciodt=2007&hl=en",22,"2025-12-30 10:15:01","HTML","10.1007/s00371-022-02571-6","","",,,,,21,10.50,5,4,2,"Palmprint biometrics has a broad application prospect owing to non-intrusiveness, ease of image acquisition and stable textural pattern. Hand-crafted approaches are vulnerable to …","https://link.springer.com/article/10.1007/s00371-022-02571-6","https://scholar.google.com/scholar?q=related:OU2xMkie-6AJ:scholar.google.com/&scioq=author:%22shitala+prasad%22&hl=en&as_sdt=2007"
22,"S Prasad, SK Peddoju, D Ghosh","Mobile plant species classification: a low computational aproach",2013,"2013 IEEE Second …","ieeexplore.ieee.org","https://ieeexplore.ieee.org/abstract/document/6707624/","https://scholar.google.com/scholar?cites=9430331230296959503&as_sdt=2005&sciodt=2007&hl=en",34,"2025-12-30 10:15:01","","","","",,,,,22,1.83,7,3,12,"In this paper a reduced shape and color feature extraction method is proposed for a mobile device based plant classification system. For scientists, botanists, farmers, and others plant …","https://ieeexplore.ieee.org/iel7/6695812/6707528/06707624.pdf","https://scholar.google.com/scholar?q=related:D2ofOEpE34IJ:scholar.google.com/&scioq=author:%22shitala+prasad%22&hl=en&as_sdt=2007"
23,"GK Verma, S Prasad, P Kumar","Handwritten Hindi character recognition using curvelet transform",2011,"International Conference on Information …","Springer","https://link.springer.com/chapter/10.1007/978-3-642-19403-0_37","https://scholar.google.com/scholar?cites=2934028044636615958&as_sdt=2005&sciodt=2007&hl=en",32,"2025-12-30 10:15:01","","10.1007/978-3-642-19403-0_37","","",,,,,23,1.64,8,3,14,"In this paper, we proposed a new approach for Hindi character recognition using digital curvelet transform. Curvelet transform well approximate the curved singularities of images …","https://www.researchgate.net/profile/Gyanendra-Verma/publication/216673433_Handwritten_Hindi_Character_Recognition_Using_Curvelet_Transform/links/56893d2508ae051f9af74ecf/Handwritten-Hindi-Character-Recognition-Using-Curvelet-Transform.pdf","https://scholar.google.com/scholar?q=related:FnWZIfbCtygJ:scholar.google.com/&scioq=author:%22shitala+prasad%22&hl=en&as_sdt=2007"
25,"S Prasad, AWK Kong","Using object information for spotting text",2018,"Proceedings of the European …","openaccess.thecvf.com","http://openaccess.thecvf.com/content_ECCV_2018/html/Shitala_Prasad_Using_Object_Information_ECCV_2018_paper.html","https://scholar.google.com/scholar?cites=15672971487636557324&as_sdt=2005&sciodt=2007&hl=en",28,"2025-12-30 10:15:01","","","","",,,,,25,3.57,13,2,7,"Text spotting, also called text detection, is a challenging computer vision task because of cluttered backgrounds, diverse imaging environments, various text sizes and similarity …","http://openaccess.thecvf.com/content_ECCV_2018/papers/Shitala_Prasad_Using_Object_Information_ECCV_2018_paper.pdf","https://scholar.google.com/scholar?q=related:DA5nb4eUgdkJ:scholar.google.com/&scioq=author:%22shitala+prasad%22&hl=en&as_sdt=2007"
26,"KS Kumar, S Prasad, S Banwral, ...","Sports video summarization using priority curve algorithm",2010,"International Journal on …","researchgate.net","https://www.researchgate.net/profile/Shitala-Prasad/publication/50235173_Sports_Video_Summarization_using_Priority_Curve_Algorithm/links/5758098d08ae5c6549073f3d/Sports-Video-Summarization-using-Priority-Curve-Algorithm.pdf","https://scholar.google.com/scholar?cites=13600007101075625048&as_sdt=2005&sciodt=2007&hl=en",35,"2025-12-30 10:15:01","PDF","","","",,,,,26,1.73,7,4,15,"The noble technique, Video summarization is process to represent the content of video in compact manner. It is basically of two type's static video summary and dynamic video …","https://www.researchgate.net/profile/Shitala-Prasad/publication/50235173_Sports_Video_Summarization_using_Priority_Curve_Algorithm/links/5758098d08ae5c6549073f3d/Sports-Video-Summarization-using-Priority-Curve-Algorithm.pdf","https://scholar.google.com/scholar?q=related:WBRnCmfuvLwJ:scholar.google.com/&scioq=author:%22shitala+prasad%22&hl=en&as_sdt=2007"
27,"PP Singh, S Prasad, B Das, U Poddar, ...","Classification of diabetic patient data using machine learning techniques",2018,"… and Computer Systems …","Springer","https://link.springer.com/chapter/10.1007/978-981-10-7386-1_37","https://scholar.google.com/scholar?cites=14398558734716771472&as_sdt=2005&sciodt=2007&hl=en",26,"2025-12-30 10:15:01","","10.1007/978-981-10-7386-1_37","","",,,,,27,3.86,5,5,7,"Health care data are often huge and complex because it contains different attributes and also missing some values. Data mining techniques can be used to extract knowledge by …","","https://scholar.google.com/scholar?q=related:kBxk5OH00ccJ:scholar.google.com/&scioq=author:%22shitala+prasad%22&hl=en&as_sdt=2007"
31,"S Prasad, Y Li, D Lin, D Sheng","maskedfacenet: A progressive semi-supervised masked face detector",2021,"Proceedings of the IEEE …","openaccess.thecvf.com","http://openaccess.thecvf.com/content/WACV2021/html/Prasad_maskedFaceNet_A_Progressive_Semi-Supervised_Masked_Face_Detector_WACV_2021_paper.html","https://scholar.google.com/scholar?cites=11301967196081389353&as_sdt=2005&sciodt=2007&hl=en",16,"2025-12-30 10:15:01","","","","",,,,,31,7.75,8,4,4,"To reduce the risk of infecting or being infected by the recent COVID-19 virus, wearing mask is enforced or recommended by many countries. AI based system for automatically detecting …","https://openaccess.thecvf.com/content/WACV2021/papers/Prasad_maskedFaceNet_A_Progressive_Semi-Supervised_Masked_Face_Detector_WACV_2021_paper.pdf","https://scholar.google.com/scholar?q=related:KX-M0Uin2JwJ:scholar.google.com/&scioq=author:%22shitala+prasad%22&hl=en&as_sdt=2007"
36,"K SusheelKumar, VB Semwal, S Prasad, ...","Generating 3D model using 2D images of an object",2011,"International Journal …","researchgate.net","https://www.researchgate.net/profile/Vijay_Semwal2/publication/236864678_Generating_3D_Model_Using_2D_Images_of_an_Object/data/616e0eb2b90c51266269e204/IJEST11-03-01-144.pdf","https://scholar.google.com/scholar?cites=5352973309183020750&as_sdt=2005&sciodt=2007&hl=en",27,"2025-12-30 10:15:01","PDF","","","",,,,,36,2.57,9,4,14,"In this paper we implemented 3D reconstruction is a process of regenerating 3D information of an object using its 2D images. It's been an important part of computer vision studies …","https://www.researchgate.net/profile/Vijay_Semwal2/publication/236864678_Generating_3D_Model_Using_2D_Images_of_an_Object/data/616e0eb2b90c51266269e204/IJEST11-03-01-144.pdf","https://scholar.google.com/scholar?q=related:zk4ACt2USUoJ:scholar.google.com/&scioq=author:%22shitala+prasad%22&hl=en&as_sdt=2007"
37,"D Lin, Y Li, S Prasad, TL Nwe, S Dong, ...","CAM-UNET: class activation MAP guided UNET with feedback refinement for defect segmentation",2020,"… conference on image …","ieeexplore.ieee.org","https://ieeexplore.ieee.org/abstract/document/9190900/","https://scholar.google.com/scholar?cites=13645503121099451256&as_sdt=2005&sciodt=2007&hl=en",13,"2025-12-30 10:15:01","","","","",,,,,37,7.40,6,6,5,"This paper tackles the task of defect segmentation by exploiting sufficient normal (defect-free) training images and limited annotated anomalous images. We propose a class …","https://ieeexplore.ieee.org/iel7/9184803/9190635/09190900.pdf","https://scholar.google.com/scholar?q=related:eOudqsqQXr0J:scholar.google.com/&scioq=author:%22shitala+prasad%22&hl=en&as_sdt=2007"
40,"T Chai, J Li, S Prasad, Q Lu, Z Zhang","Shape-driven lightweight CNN for finger-vein biometrics",2022,"Journal of Information Security and …","Elsevier","https://www.sciencedirect.com/science/article/pii/S2214212622000886","https://scholar.google.com/scholar?cites=9902792256847225271&as_sdt=2005&sciodt=2007&hl=en",8,"2025-12-30 10:15:01","","","","",,,,,40,13.33,8,5,3,"Finger-vein recognition has been widely explored for biometrics security over the past two or three decade. Its size and characteristics against presentation attacks make it suitable for …","","https://scholar.google.com/scholar?q=related:tyHeIRfJbYkJ:scholar.google.com/&scioq=author:%22shitala+prasad%22&hl=en&as_sdt=2007"
40,"S Prasad, PS Kumar, D Ghosh","An efficient low vision plant leaf shape identification system for smart phones",2017,"Multimedia Tools and Applications","Springer","https://link.springer.com/article/10.1007/s11042-016-3309-2","https://scholar.google.com/scholar?cites=11197496225846934250&as_sdt=2005&sciodt=2007&hl=en",20,"2025-12-30 10:15:01","HTML","10.1007/s11042-016-3309-2","","",,,,,40,5.00,13,3,8,"In computer vision research, the first most important step is to represent the captured object into some mathematical transformed feature vector describing the proper shape, texture …","https://link.springer.com/article/10.1007/s11042-016-3309-2","https://scholar.google.com/scholar?q=related:6jpik31_ZZsJ:scholar.google.com/&scioq=author:%22shitala+prasad%22&hl=en&as_sdt=2007"
46,"S Prasad, P Kumar, R Hazra, A Kumar","Plant leaf disease detection using Gabor wavelet transform",2012,"International Conference on …","Springer","https://link.springer.com/chapter/10.1007/978-3-642-35380-2_44","https://scholar.google.com/scholar?cites=11120816074795716772&as_sdt=2005&sciodt=2007&hl=en",14,"2025-12-30 10:15:01","","10.1007/978-3-642-35380-2_44","","",,,,,46,3.54,12,4,13,"This paper explores a new dimension of pattern recognition to detect crop diseases based on Gabor Wavelet Transform. The first proposed plant biometric system consist three …","","https://scholar.google.com/scholar?q=related:pBCnpkwTVZoJ:scholar.google.com/&scioq=author:%22shitala+prasad%22&hl=en&as_sdt=2007"
47,"S Prasad, PP Singh","Medicinal plant leaf information extraction using deep features",2017,"TENCON 2017-2017 IEEE Region 10 …","ieeexplore.ieee.org","https://ieeexplore.ieee.org/abstract/document/8228324/","https://scholar.google.com/scholar?cites=10504918931804191462&as_sdt=2005&sciodt=2007&hl=en",11,"2025-12-30 10:15:01","","","","",,,,,47,5.88,24,2,8,"In today's digital world of ubiquitous and Internet of thinks, medicinal plant identification is a challenging but very useful task in computer vision (CV) helping agro-community to …","https://ieeexplore.ieee.org/iel7/8169968/8227816/08228324.pdf","https://scholar.google.com/scholar?q=related:5vp2bBz4yJEJ:scholar.google.com/&scioq=author:%22shitala+prasad%22&hl=en&as_sdt=2007"
47,"KS Kumar, S Prasad, PK Saroj, ...","Multiple cameras using real time object tracking for surveillance and security system",2010,"2010 3rd International …","ieeexplore.ieee.org","https://ieeexplore.ieee.org/abstract/document/5698322/","https://scholar.google.com/scholar?cites=15834959818967798151&as_sdt=2005&sciodt=2007&hl=en",18,"2025-12-30 10:15:01","","","","",,,,,47,3.13,12,4,15,"In this paper we propose multiple cameras using real time tracking for surveillance and security system. It is extensively used in the research field of computer vision applications …","https://ieeexplore.ieee.org/iel5/5696799/5698278/05698322.pdf","https://scholar.google.com/scholar?q=related:h9Eo4g4UwdsJ:scholar.google.com/&scioq=author:%22shitala+prasad%22&hl=en&as_sdt=2007"
51,"D Lin, Y Li, S Prasad, TL Nwe, S Dong, ...","CAM-guided Multi-Path Decoding U-Net with Triplet Feature Regularization for defect detection and segmentation",2021,"Knowledge-Based Systems","Elsevier","https://www.sciencedirect.com/science/article/pii/S0950705121005347","https://scholar.google.com/scholar?cites=9944988738325583152&as_sdt=2005&sciodt=2007&hl=en",6,"2025-12-30 10:15:01","HTML","","","",,,,,51,12.75,9,6,4,"Automated defect detection and segmentation from high-resolution industrial images is an essential and challenging task. In this paper, we design a novel CNN network called Class …","https://www.sciencedirect.com/science/article/pii/S0950705121005347","https://scholar.google.com/scholar?q=related:MBUoE5GyA4oJ:scholar.google.com/&scioq=author:%22shitala+prasad%22&hl=en&as_sdt=2007"
58,"T Chai, S Prasad, S Wang","Boosting palmprint identification with gender information using DeepNet",2019,"Future Generation Computer Systems","Elsevier","https://www.sciencedirect.com/science/article/pii/S0167739X18331261","https://scholar.google.com/scholar?cites=13790598786904381570&as_sdt=2005&sciodt=2007&hl=en",7,"2025-12-30 10:15:01","","","","",,,,,58,9.67,19,3,6,"Palmprint has been found to possess distinct features for reliable person identification and gender classification. Traditionally, the palmprint-based recognition approaches often rely …","","https://scholar.google.com/scholar?q=related:glhe7YcMYr8J:scholar.google.com/&scioq=author:%22shitala+prasad%22&hl=en&as_sdt=2007"
64,"S Prasad, P Kumar, RC Tripathi","Plant leaf species identification using curvelet transform",2011,"2011 2nd International …","ieeexplore.ieee.org","https://ieeexplore.ieee.org/abstract/document/6075212/","https://scholar.google.com/scholar?cites=16209268437773095029&as_sdt=2005&sciodt=2007&hl=en",12,"2025-12-30 10:15:01","","","","",,,,,64,4.57,21,3,14,"In this paper, a novel approach for feature extraction from natural image such as plant leaf is proposed for automated living plant species recognition useful for botanical students in their …","https://ieeexplore.ieee.org/iel5/6067545/6075092/06075212.pdf","https://scholar.google.com/scholar?q=related:dZBqhsPj8uAJ:scholar.google.com/&scioq=author:%22shitala+prasad%22&hl=en&as_sdt=2007"
68,"S Prasad, KM Kudiri, RC Tripathi","Relative sub-image based features for leaf recognition using support vector machine",2011,"Proceedings of the 2011 international …","dl.acm.org","https://dl.acm.org/doi/abs/10.1145/1947940.1948012","https://scholar.google.com/scholar?cites=8045919101296562584&as_sdt=2005&sciodt=2007&hl=en",10,"2025-12-30 10:15:01","","10.1145/1947940.1948012","","",,,,,68,4.86,23,3,14,"In this paper, we extract our proposed RSC features from leaf images and use SVM classifier to implement an automated leaf recognition system for plant leaf identification and …","https://dl.acm.org/doi/pdf/10.1145/1947940.1948012","https://scholar.google.com/scholar?q=related:mNFPJMvYqG8J:scholar.google.com/&scioq=author:%22shitala+prasad%22&hl=en&as_sdt=2007"
69,"S Prasad, SK Peddoju, D Ghosh","Energy efficient mobile vision system for plant leaf disease identification",2014,"2014 IEEE Wireless …","ieeexplore.ieee.org","https://ieeexplore.ieee.org/abstract/document/6953083/","https://scholar.google.com/scholar?cites=2451326295866440512&as_sdt=2005&sciodt=2007&hl=en",9,"2025-12-30 10:15:01","","","","",,,,,69,6.27,23,3,11,"Close monitoring, proper control and management of plant diseases are essential in the efficient cultivation of crops. This paper presents a scheme that uses mobile phones for real …","https://ieeexplore.ieee.org/iel7/6923023/6951847/06953083.pdf","https://scholar.google.com/scholar?q=related:QHuxRUfcBCIJ:scholar.google.com/&scioq=author:%22shitala+prasad%22&hl=en&as_sdt=2007"
95,"S Prasad, SK Peddoju, D Ghosh","AgroMobile: a cloud-based framework for agriculturists on mobile platform",2013,"International Journal of …","researchgate.net","https://www.researchgate.net/profile/Shitala-Prasad/publication/270527342_AgroMobile_A_Cloud-Based_Framework_for_Agriculturists_on_Mobile_Platform/links/5758098e08ae04a1b6b9ab04/AgroMobile-A-Cloud-Based-Framework-for-Agriculturists-on-Mobile-Platform.pdf","https://scholar.google.com/scholar?cites=9794785646459205862&as_sdt=2005&sciodt=2007&hl=en",4,"2025-12-30 10:15:01","PDF","","","",,,,,95,7.92,32,3,12,"Today, use of mobile devices is very common by everyone, including the farmers. Introduction of Information and Communication Technologies (ICT) has seen a keen role in …","https://www.researchgate.net/profile/Shitala-Prasad/publication/270527342_AgroMobile_A_Cloud-Based_Framework_for_Agriculturists_on_Mobile_Platform/links/5758098e08ae04a1b6b9ab04/AgroMobile-A-Cloud-Based-Framework-for-Agriculturists-on-Mobile-Platform.pdf","https://scholar.google.com/scholar?q=related:5rhLhKYR7ocJ:scholar.google.com/&scioq=author:%22shitala+prasad%22&hl=en&as_sdt=2007"
105,"S Prasad, VK Singh, A Sapre","Handwriting analysis based on segmentation method for prediction of human personality using support vector machine",2010,"International Journal of Computer …","academia.edu","https://www.academia.edu/download/85427901/377706d4d8675ccc440d8c1da0d5f949ae0a.pdf","https://scholar.google.com/scholar?cites=13787007473266161833&as_sdt=2005&sciodt=2007&hl=en",3,"2025-12-30 10:15:01","PDF","","","",,,,,105,7.00,35,3,15,"Handwriting analysis is a method to predict personality of an author and to better understand the writer. Allograph and allograph combination analysis is a scientific method of writer …","https://www.academia.edu/download/85427901/377706d4d8675ccc440d8c1da0d5f949ae0a.pdf","https://scholar.google.com/scholar?q=related:qXivD0BKVb8J:scholar.google.com/&scioq=author:%22shitala+prasad%22&hl=en&as_sdt=2007"
146,"S Prasad, SK Peddoju, D Ghosh","Multi-resolution mobile vision system for plant leaf disease diagnosis",2016,"Signal, image and video processing","Springer","https://link.springer.com/article/10.1007/s11760-015-0751-y","https://scholar.google.com/scholar?cites=18208227737039272537&as_sdt=2005&sciodt=2007&hl=en",2,"2025-12-30 10:15:01","","10.1007/s11760-015-0751-y","","",,,,,146,16.22,49,3,9,"The process of detecting plant disease by human naked-eye is difficult and very expensive practice, particularly in developing countries like India. Designing and providing a fast …","https://link.springer.com/content/pdf/10.1007/s11760-015-0751-y.pdf","https://scholar.google.com/scholar?q=related:Wfqjz6eesPwJ:scholar.google.com/&scioq=author:%22shitala+prasad%22&hl=en&as_sdt=2007"
178,"P Kumar, J Verma, S Prasad","Hand data glove: a wearable real-time device for human-computer interaction",2012,"International Journal of Advanced …","academia.edu","https://www.academia.edu/download/93922881/2.pdf","https://scholar.google.com/scholar?cites=3604196956939578461&as_sdt=2005&sciodt=2007&hl=en",1,"2025-12-30 10:15:01","PDF","","","",,,,,178,13.69,59,3,13,"In this paper, a real-time Human-Computer Interaction (HCI) based on the hand data glove and K-NN classifier for gesture recognition is proposed. HCI is moving more and more …","https://www.academia.edu/download/93922881/2.pdf","https://scholar.google.com/scholar?q=related:XWztVgmuBDIJ:scholar.google.com/&scioq=author:%22shitala+prasad%22&hl=en&as_sdt=2007"
